<?xml version="1.0" encoding="UTF-8" ?>
<!-- Generated by Oracle SOA Modeler version 12.2.1.2.0.161003 at [10/26/16 9:41 PM]. -->
<composite name="PrjPrestacaoServico"
           revision="1.0"
           label="2016-10-26_21-41-21_320"
           mode="active"
           state="on"
           xmlns="http://xmlns.oracle.com/sca/1.0"
           xmlns:xs="http://www.w3.org/2001/XMLSchema"
           xmlns:wsp="http://schemas.xmlsoap.org/ws/2004/09/policy"
           xmlns:orawsp="http://schemas.oracle.com/ws/2006/01/policy"
           xmlns:ui="http://xmlns.oracle.com/soa/designer/"
           xmlns:sca-ext="http://xmlns.oracle.com/sca/1.0-ext">
  <import namespace="http://xmlns.oracle.com/pcbpel/adapter/file/AppSistemaAtendimento/PrjPrestacaoServico/criarArquivo"
          location="WSDLs/criarArquivo.wsdl" importType="wsdl"/>
  <import namespace="http://oracle.com/sca/soapservice/AppSistemaAtendimento/PrjPrestacaoServico/SOAPServicePrestacaoServico"
          location="WSDLs/SOAPServicePrestacaoServico.wsdl" importType="wsdl"/>
  <service name="SOAPServicePrestacaoServico" ui:wsdlLocation="WSDLs/SOAPServicePrestacaoServico.wsdl">
    <interface.wsdl interface="http://oracle.com/sca/soapservice/AppSistemaAtendimento/PrjPrestacaoServico/SOAPServicePrestacaoServico#wsdl.interface(execute_ptt)"/>
    <binding.ws port="http://oracle.com/sca/soapservice/AppSistemaAtendimento/PrjPrestacaoServico/SOAPServicePrestacaoServico#wsdl.endpoint(SOAPServicePrestacaoServico/execute_pt)">
      <property name="weblogic.wsee.wsat.transaction.flowOption" type="xs:string" many="false">NEVER</property>
    </binding.ws>
  </service>
  <property name="productVersion" type="xs:string" many="false">12.2.1.2.0.161003</property>
  <property name="compositeID" type="xs:string" many="false">164ac0b7-ae92-440a-8f68-3c3ad5c9965b</property>
  <component name="Mediator1">
    <implementation.mediator src="Mediators/Mediator1.mplan"/>
    <componentType>
      <service name="Mediator1" ui:wsdlLocation="WSDLs/SOAPServicePrestacaoServico.wsdl">
        <interface.wsdl interface="http://oracle.com/sca/soapservice/AppSistemaAtendimento/PrjPrestacaoServico/SOAPServicePrestacaoServico#wsdl.interface(execute_ptt)"/>
      </service>
      <reference name="criarArquivo" ui:wsdlLocation="WSDLs/criarArquivo.wsdl">
        <interface.wsdl interface="http://xmlns.oracle.com/pcbpel/adapter/file/AppSistemaAtendimento/PrjPrestacaoServico/criarArquivo#wsdl.interface(Write_ptt)"/>
      </reference>
    </componentType>
  </component>
  <reference name="criarArquivo" ui:wsdlLocation="WSDLs/criarArquivo.wsdl">
    <interface.wsdl interface="http://xmlns.oracle.com/pcbpel/adapter/file/AppSistemaAtendimento/PrjPrestacaoServico/criarArquivo#wsdl.interface(Write_ptt)"/>
    <binding.jca config="Adapters/criarArquivo_file.jca"/>
  </reference>
  <wire>
    <source.uri>SOAPServicePrestacaoServico</source.uri>
    <target.uri>Mediator1/Mediator1</target.uri>
  </wire>
  <wire>
    <source.uri>Mediator1/criarArquivo</source.uri>
    <target.uri>criarArquivo</target.uri>
  </wire>
</composite>
